{"patch": [[[3.299862654192115, 0.1642818951877132, -1.8465551631493438, 2.6411627726768625, -0.5240865351347869], [3.0158799543165795, 0.8670127545371222, 1.2561445790483234, -2.0485994352715213, 0.837322213404312], [-2.71627499845442, 0.7224763841571302, 3.0456829549480626, 0.32044592897700674, 3.230129833244101], [2.3423240955341345, -0.35214726010023323, -0.046596439435960035, 2.7068609905536443, -2.4433068076238893], [2.5236858314681476, 3.1953097798078125, 2.5471167172860767, -2.6284830345182777, 2.474166836261978]], [[2.9477077824836284, -0.8598498776337454, -2.885997714304517, 2.46703412091533, -3.2233199514298834], [2.540809424488087, -1.6229469806536205, 1.8479628391334333, -0.51725758478259, -0.12270553285588462], [-2.3357329660485986, 0.2564647977815599, 2.9043563158646233, -0.0693755736010785, 3.259076936726329], [-0.7185776328523948, 0.9332857666602964, -2.111038823946218, 2.3802998760644876, -2.4142523578448425], [-3.092132906766981, -2.305064764387749, 2.4360407621533953, 0.5434067215482472, 1.1481063421071616]], [[0.6529432977078121, 2.4102709050493316, -2.6501891258343395, 2.7496013230384984, -0.7012996517832595], [2.8589670076464264, 1.386151284704991, -1.595263424093532, 0.7933196731520646, -0.5389336299537387], [2.136282258747074, -1.647244148665849, 2.69426245460472, -0.2727435074248715, 2.8739123621572302], [2.50631785411007, -0.5100909071147058, 0.8251519531308861, 2.7812267493589395, 0.8591758275840756], [-2.7830181679443697, 2.3554468037226313, 3.1917748718534797, 3.1904546662378537, 3.003053526105417]]], "results": {"acc": 0.2415645867586136, "top5": 0.8805400729179382, "attack_success_rate": 0.2415645867586136}}