{"patch": [[[1.040453211904531, -3.0747353232702634, 2.673012201711762], [-2.860562700207413, 2.5571704215309605, -0.1561564610284709], [2.9207376490827692, -3.3768267150231215, 2.8665031837542756]], [[-2.518940021831238, -3.187675793989457, -3.41847261496156], [-2.712521254234586, 3.310164860238446, -2.5637165964150443], [2.573839585040766, -3.0294873531679953, 2.9662342623894156]], [[2.716751711703005, 2.5230041609824823, -0.6505683097009297], [-1.0926375338188097, 3.284053644006682, -2.5264392147791805], [3.0180385143773507, 2.0802035015044686, 3.1428653402554607]]], "results": {"acc": 0.02702402137219906, "top5": 0.48073288798332214, "attack_success_rate": 0.02702402137219906}}