{"patch": [[[-3.4307956347449777, 2.8558317284840635, 0.06281506341526598], [0.23021998740003904, -0.08974029552820494, 0.6759980101859926], [3.168693920246181, -2.882375507211025, 3.4918697585167466]], [[-3.3495358123450596, 3.247041880958161, -2.9257763963018557], [-0.42219521592054793, 0.6683623744490883, -1.863104265093122], [2.0428368410647813, -3.2908873988475436, 3.066053479500358]], [[-2.4619240101506916, 3.0062301974707037, -2.3865544090498267], [0.7091430647453711, 1.6550270486021859, -2.5040542830636543], [3.143714790150148, -2.2547892280298756, 3.2039714531408046]]], "results": {"acc": 0.059075724333524704, "top5": 0.74387526512146, "attack_success_rate": 0.059075724333524704}}