{"patch": [[[2.130801021645407, -0.23834798629357867, 3.231786864146361], [-2.8925797655685073, 2.149325031685287, 0.27895123865198934], [2.822421346030165, 2.5305793676246298, 2.5949176818726616]], [[1.840564609335202, -0.23039409699515664, 2.45322995711179], [-2.720334488068504, 2.1432774026950896, -2.427392458573022], [0.44065553931164053, -0.16848299623528873, 0.6767979477306719]], [[2.4728511516439444, -1.8098859515859653, 1.6137228426046717], [-0.34396201024304307, 0.2657222717399608, 0.8028558278261853], [2.512826744413678, 0.8640218853906406, 2.4440677058696436]]], "results": {"acc": 0.015050538815557957, "top5": 0.4663167893886566, "attack_success_rate": 0.015050538815557957}}