{"patch": [[[0.6273417188434489, 2.22255311654705, 2.035144335747221], [0.9084746544411502, 0.17516279746875232, 2.584271353450937], [2.9383943935690326, 2.104089742645138, 2.673006216348469]], [[-1.2562555186823594, 2.495937442683151, -2.2514522693681873], [-1.9647449705949898, -0.17309886117455214, -0.4373610085864838], [2.9193751330187645, -0.29806662406974754, 2.7327897351652863]], [[-2.1683562634727656, 2.454430145171947, -0.5724983918424569], [-1.707716624512925, -0.9578285952212329, -2.2000941431504244], [2.8202539359771572, 2.5722888702970583, 2.7406349960949936]]], "results": {"acc": 0.019025662913918495, "top5": 0.4042884111404419, "attack_success_rate": 0.019025662913918495}}