{"patch": [[[3.290989222203101, -0.11910238442971588, 0.07794743920540105, -3.033725778125041, 3.084485433324417], [2.9427162541408074, 0.5473202936432219, 1.9785218131049063, -0.07092453623579051, 3.160622623547267], [0.33519745074214474, 3.000379375810821, 0.37439024249741354, 0.3928700769607876, -0.04621608934105158], [-2.004128797928212, 0.21364986854929477, 1.679703425119994, -0.1625255518982397, 2.5299628557916574], [2.9930741651570227, 0.26399342983754287, -2.2772431473847594, 3.1330570981362533, -0.47155957175440383]], [[0.944995475598422, -0.28824864205987544, 2.6520743321551556, 0.28120500113349406, 3.2120719537205225], [0.3862385158065984, 0.13076109595491597, -0.5408189294336114, 1.7746229838101002, -0.08600266776419258], [-0.11303127590959176, 2.096827385401881, -0.40115395147126254, 0.9602839146134181, -2.641807227749852], [-1.1178996846805187, -1.6710776663709184, 2.6339713372991764, -0.11645188334281263, 0.47230876467068966], [0.4519224538860012, -1.221693667653143, -1.0220181314182384, -0.09189609239600399, -3.0799850036823972]], [[0.17225000432976656, -2.659191269635869, 1.0313158421760507, -2.6286775898152626, -0.8077874139110065], [2.1746144373249843, 0.18090721856698733, -0.9902145512748338, -1.1258255396034682, 1.6667148743045102], [-1.8685826311582545, 0.42387990161413014, 0.5207721380243346, -2.021105093688406, 0.12607756151513777], [-0.16355738351274682, -1.2087763687041102, -1.9778731842387782, -2.0610730309068597, 2.0913903379819114], [2.4312050835746533, 0.2190193512749473, -0.8918372855159953, 1.421075361343201, -2.4677405564217385]]], "results": {"acc": 0.31497833132743835, "top5": 0.8782350420951843, "attack_success_rate": 0.31497833132743835}}