{"patch": [[[-3.3253170141751345, 3.4752140071415685, 3.4348118736858257], [1.3811259689894, -3.611648425441919, 3.728965653228793], [-3.1643449584877525, -2.9995796289665555, 0.232805902797937]], [[-3.5747250284551217, 2.6736515098573936, 0.6229416685991345], [3.3154056951079984, -3.454456407712768, -0.5910326748304242], [-2.915961454382346, 3.061668618499285, -3.6449476676402357]], [[2.084352100744815, 3.5097749989658857, -0.015442959725846743], [3.6586479174901547, 2.9904551582954046, 2.600247204357591], [3.4668497659618116, 3.538140454999946, -3.1424842686910015]]], "results": {"acc": 0.1155553087592125, "top5": 0.7361589074134827, "attack_success_rate": 0.1155553087592125}}