{"patch": [[[-2.7365176250017504, 2.5859065480724786, 2.6384286226859714, 2.5758101405400193, 0.5780610275026069], [2.723897953136143, 2.804436462546148, -1.0361317423942464, -1.9839081945778732, 1.4827188016116095], [2.0304257777154926, 0.14730678347624357, 0.4890891623194255, -2.4799330674526643, 2.8697595562002176], [-1.7755720001901671, -2.9284214856466444, -2.2729702954540794, 1.2003696531938168, 3.0521113151300634], [-1.2618463688287531, 2.5042995175590534, 2.7551428984049733, 3.01175908321318, 0.9558953278052559]], [[2.077948102303731, 1.406844735795566, -2.6367095580474857, -2.5118349687601693, -0.5239528606827134], [0.11220182367355129, 0.6009073136281609, -0.8778970411639645, -0.05816093470778056, -2.2155103576993205], [-2.0637948476683983, -2.526143780056103, 0.16623568870761882, -1.9793089893631834, -2.222083683096142], [2.5638156686820373, -2.053261635728553, -0.02787014322442148, -1.7648480475714647, -0.8559696060973075], [2.745612389170683, -1.2856371228768213, -2.4959760727674594, -0.7110012007816225, -0.94296181297423]], [[-3.138709103821844, -0.9995725495675735, -0.4089573934471197, 2.3045986786884933, -2.3811150493283195], [-0.7296548543298323, 2.6810503840765296, 2.6813400590666876, -0.43063830597882236, -2.7018676692478145], [2.4938335011933965, 1.3386879352616756, -0.9047605955803024, -1.2626305923300003, -0.11937542042078442], [2.433408115872357, -0.9804797565828626, -0.19386919957748858, -0.46034944622478474, 2.440883701892], [-2.3681624200656075, 0.6110319615582671, 2.0538437787697585, 2.6393550364847833, 2.9293534455623385]]], "results": {"acc": 0.1784321367740631, "top5": 0.7978047728538513, "attack_success_rate": 0.1784321367740631}}