{"patch": [[[-3.3972608014359573, 0.786379598287124, 3.165514290386444], [2.7455376357748227, -1.878518370861409, 2.4298438736987915], [3.543019705878201, 0.00012878241858246744, -3.500181420661504]], [[-3.460113881254058, 2.3188518020284445, 2.938620478224052], [-0.6732982328200359, 2.5865688590132283, -2.6632261660507677], [0.8096065562865843, -2.3451290506278384, -3.4964643735676426]], [[-2.612708282819367, 1.36392039531444, 2.834754684784695], [-0.031334087473811924, 2.954884462606903, 2.8846750313649965], [2.488270577933562, 3.1632356841088605, -2.3822382575546905]]], "results": {"acc": 0.05829246714711189, "top5": 0.6137984991073608, "attack_success_rate": 0.05829246714711189}}