{"patch": [[[2.816320615663168, 2.315667454116616, -0.4051268826951651], [1.8347538471099558, -2.529023595068377, -0.7742247767535037], [-1.0528403125811296, -2.3434345557870726, 0.6283403692557525]], [[0.5836537939949132, -2.5974715735830975, -2.982174059061121], [-2.19782399882515, -0.29791995607249316, -2.1398309522788463], [-2.6931535840115326, -2.3802834722046353, -2.1672952638869596]], [[-0.6938455385251648, 2.0026789027939484, 0.7064400633141683], [2.741996097279442, 2.376150803722907, -0.9752143347908965], [2.599948936110819, -1.589942999848817, 0.13551790909959982]]], "results": {"acc": 0.029028303921222687, "top5": 0.5009193420410156, "attack_success_rate": 0.029028303921222687}}