{"patch": [[[0.3157208148338028, -2.3817966823045778, -2.839227758630463, -3.1867876122178633, -0.05650675412730074], [0.013519917538105773, -2.8831853718216998, -0.4856901172412304, -2.742873323968599, -2.1690256200041094], [0.09447566804025181, -0.44117778228000126, 2.777561643950383, 1.7192412626260367, -1.2532267995592465], [-2.409205927362092, 2.3469925584309923, -1.953462098964666, 2.2257332110096204, -0.2327537179356583], [1.2724561024432286, -2.950327932157508, 1.3965364896850054, -1.1830309522869857, 0.39874582473069903]], [[1.7833396962791526, -0.3250452078048836, -2.1923281127390895, -2.8436373098824577, 2.5416652136353073], [-0.550684609912631, -2.670080457599901, 1.012946760340799, -1.0334022980081163, -0.22087414845936734], [-2.169708321300521, 2.078926014334171, -2.1298890698372466, 2.065371615933235, -1.3228411230080772], [-2.4138439285013114, 3.0236223218165286, -2.2286753424862833, 2.677098221122632, -2.1800057837112057], [-0.3216932413679805, -1.803897698214779, 0.33387595994906605, -2.5097413502395476, -2.3683043514031374]], [[3.0095963559620924, 2.938109022130598, 2.492974214095535, 1.6801665544798725, 3.2129256783991202], [2.685610480457242, -0.22940065996555026, -0.47431726656972484, -0.509034400450826, 2.7477459537384603], [-0.6171969231380567, -1.7909825077918757, -2.264314889519536, -1.5284436162316644, 0.729385416432381], [-1.4648756770046083, 2.751754693211982, -0.3970226273485723, 2.7213437746302565, -1.8402913237244245], [-0.06623691567944928, 1.0853226374106928, 1.8696233420849722, -0.6652559359421091, -1.8654420067772746]]], "results": {"acc": 0.06681465357542038, "top5": 0.7474750280380249, "attack_success_rate": 0.06681465357542038}}