{"patch": [[[2.889667850856788, -2.5471630241846692, -2.6689059383842673], [-2.456225411153349, -1.0571795309125611, -0.015587601800950184], [2.92428436750923, -2.798710854028711, -1.588595639151975]], [[2.6000695478407696, 1.436521359131886, -3.088988652826438], [-2.977299547854233, 2.1766636440653557, -0.23383507950558358], [-2.796390456564722, -3.1253237645171317, 1.0265886195445564]], [[3.3251535607032183, 3.277884166465227, -1.979632692805054], [2.745977147370833, 3.357653084113922, 3.134614639457985], [2.5500731598182305, 2.7499265576025858, 3.2512804853443122]]], "results": {"acc": 0.020520327612757683, "top5": 0.5451281666755676, "attack_success_rate": 0.020520327612757683}}