{"patch": [[[-3.0824019770591424, -2.638708562755223, -2.2739019636563698], [0.3557646213667614, 0.5586871227416078, 0.04093525342371742], [3.2537375528183414, -2.716570755283049, 3.186000262409588]], [[-3.1297780493952123, 2.381429416766716, -2.7976577331499244], [0.4185215025551552, 0.4546264563794284, 0.0004884095204273347], [2.9538703223753746, -3.1251023648832934, 2.971111937948505]], [[1.6640815755498048, 2.8745653080932705, 2.441803168951033], [-0.12477645101232837, -1.5824236152226614, 2.3207494323803566], [3.288305737782209, 0.08561270199432044, 3.418743268856183]]], "results": {"acc": 0.021781353279948235, "top5": 0.5781354308128357, "attack_success_rate": 0.021781353279948235}}