{"patch": [[[3.1352195932031024, 3.5868754132154668, 3.475026151555602, 2.589035114798946, 0.013844482972019677], [3.317168213535537, -3.205986218233037, 3.1683660386750154, 2.978108840237557, -0.6695004550310989], [-2.9116057212113975, 0.055435869996748946, -3.336111472756256, 3.2595957521867724, 2.7985624924394608], [2.9887569648595873, -0.6997541934913705, -3.252098308385913, -2.636756227008463, 3.12802925884305], [3.4985075932887364, 0.3086905511750741, -1.4320324402668578, -2.8254216101521656, 2.259085011140303]], [[-2.9523544770838943, 1.2499327091610146, -2.7629894664093624, -3.4725928248620437, -0.22706149103079915], [2.9114995928043563, -2.9524446955160557, 2.676923176116372, -2.563842581430297, -2.70480287242946], [-3.0749691393263725, 3.325389690817893, -3.0713545062306844, 2.9752895318992394, -0.5597889436344493], [-2.7029302917905986, 0.6808214341950763, 0.3192035301181247, -2.7962733350193076, 2.682101069048446], [-3.212990527544009, -3.510438868174452, 2.815625698721496, -0.7441279664985154, -1.7354343536870152]], [[-1.6886637897039336, 3.188598218326286, -2.621778454130152, -2.874273475593295, 2.6254826467549215], [3.3104185399083357, 3.084384870894671, 2.9433910177922704, -2.943541258990026, -2.9621928527636383], [2.271042525274731, 3.4898444347949202, 1.997074059905801, 2.386184665761592, -2.470966722164784], [2.1768897741632824, 3.3537526053607247, 3.2523837543945584, -0.73859042630828, -0.424022057124548], [0.5590098557253953, -2.004035302771663, 3.499205054243018, 2.9313824752107007, -2.4787615107328667]]], "results": {"acc": 0.3501054048538208, "top5": 0.901919424533844, "attack_success_rate": 0.3501054048538208}}