{"patch": [[[1.8657881067476434, 0.6984791122392581, -3.303797982308193, -0.9324861783141094, 3.237472636214406], [0.6580453575187822, -2.8975918426502663, -0.44979129667076717, -3.326712747599023, 2.9112172018620623], [-0.09990775822427014, -0.4822437920022273, 0.6753224248539241, -2.2409191104368213, -0.3197267716688448], [-1.1544496216586286, 2.779402793558584, -0.6950151076952537, 2.9659145604702672, 0.0201971013237373], [2.3249266356096507, -2.8684678129468226, 3.3478496861953038, -3.158127731985028, 2.7744813245417554]], [[0.6729743296590083, -2.938553773280514, -3.501226657724535, -3.360905032643654, -2.8813796063799226], [-2.0131196157289213, -1.7843178428317208, 3.284824250359859, -2.8336886312203267, -2.3598276151386965], [-2.9384609967751434, 2.5768272054600017, -0.5415138274284238, 1.30810724290839, -3.3528960033708155], [-2.7568396070270835, 1.4373715496760142, -2.8775300328618614, 2.5688005563095926, -2.6302866546190447], [-0.19101800746414774, -3.229944106091362, 3.068687920750205, -3.192033791187926, 2.763227035345538]], [[-2.1606918588195634, 2.4854505366282322, -1.1449627602157573, 2.63617934950679, 1.1020874181002205], [1.7242086314995926, -2.453658795692256, 2.6899010628311997, -2.218793094416637, -2.156866109568689], [-1.765349222810729, -0.6722682880057789, -0.6898478833970512, 2.600474406762516, -2.9191443507972274], [-1.505507835802004, 1.981127854422082, -2.680677885271814, 3.046885094569985, -0.3601222970126539], [1.7344357460445583, -2.687020555370493, 3.312939475533725, -1.938512189148487, 2.833650706251073]]], "results": {"acc": 0.3695785105228424, "top5": 0.8431105613708496, "attack_success_rate": 0.3695785105228424}}