{"patch": [[[-3.2567827214004694, 3.6780146742428887, 3.136632445177112], [2.9714406874220938, -3.378358323797277, 3.6843106358945845], [-3.2428601162112747, 1.9493396044371174, -2.8515234328504846]], [[-3.507632532979359, 2.6225439877943346, -3.2320183970291834], [3.0089063451786635, -3.5980383940302976, 3.0016645839309537], [-3.2770792676855764, 1.4958146949076818, -3.4164445642180463]], [[-1.2090246972553553, 3.2872895728487204, -2.9754960959210295], [3.44034493449723, -1.9939347673587045, 3.0725020517740957], [2.5454639111991626, 3.3539460202524047, -0.2028777010383922]]], "results": {"acc": 0.0788903683423996, "top5": 0.6095746159553528, "attack_success_rate": 0.0788903683423996}}