{"patch": [[[0.9349080644533678, 1.9831144547495998, -2.7711922436852445, 3.0752011160755894, 2.7634466008216774], [1.6342318395416104, -2.266805300401462, -0.625303445875323, -2.6531156369991287, 2.9867746046282098], [-2.857514436950191, 2.1392535766619707, 0.8605787986601454, -2.6194762682342656, -0.09838600165303606], [2.596545456421271, 0.3716134618735713, -1.9543581588450505, -1.2906549662309594, -0.1071178669389215], [-2.180767858103786, 0.05193045609471779, -0.10866917367628462, 0.7444144143618779, -2.2471037509965064]], [[0.5024332297336468, 0.6390278150134943, -3.179650488730832, -1.2853229027682234, 0.0227605348212157], [-2.585929174121404, -2.499446056853818, 2.0265053201755525, -3.027926196141515, 0.17061112954408753], [-3.1584510729199824, 2.4739541509735883, 2.844538477576577, 2.196569640333198, -2.8360403602202333], [-0.06375514491170481, 2.3488779820033825, 2.134126391044832, 2.9469050003063013, -0.49454640637570885], [-2.8225523229760383, 1.8819834310115624, -0.7700500783274886, -0.7150992996284727, 3.1597017961906944]], [[2.2079055351178147, 0.6653086895831988, -2.82901702881933, 0.41847411775959237, -1.5471292006364497], [0.3571726254226927, -2.346715749897003, 2.5818163758114103, -2.3438037667230804, -1.9406472716702727], [-2.4295152606573738, 1.6365987963704591, 2.993539950769816, 2.9816938695945088, -2.7324051478906672], [2.541062593516199, -1.5998190180644012, 2.4745718167134583, 3.2340515520910618, 2.359276650759902], [-2.4737795017460944, 0.9134369179050079, -2.104462694618776, 2.827739695818823, 2.9262982188192206]]], "results": {"acc": 0.08754971623420715, "top5": 0.7315233945846558, "attack_success_rate": 0.08754971623420715}}