{"patch": [[[-0.12722910005476912, -0.6541375837912297, 2.4345600688292377, 0.011039951856098665, 1.0653181539244874], [-0.414513516328635, -2.5127041537558013, 3.2818421845549524, 1.513027417062106, -0.7655516286723458], [-3.0278035935456793, -0.6296237980230999, 3.08177408816558, 3.2042164957682253, -0.7999098583183862], [-2.9269744144807244, 3.204570476148364, -2.0027987358525112, 3.615769093672578, 1.045179171935835], [1.037088591558895, -3.4312607476455566, 3.004682105105985, -3.2194873071027224, 3.243493581920587]], [[2.3335607127692493, -1.6401589689437361, 1.4023247217161507, -1.674401831088685, 2.8820700071207797], [1.2629660855355478, -2.5341983137475546, 2.2346469680914227, -2.914075877687444, 2.2104670873174537], [-3.0547943756630493, 0.6826483042218046, -3.208580652017676, 0.4549390521601912, -0.9617708124159496], [-2.72047377615657, 2.9985223701719095, -3.4145279402925524, 2.788759451206291, -2.6227894110080414], [-0.24036167251681928, -3.4931627739649787, 0.955370967041757, -3.5662000414958386, 2.6438015581770586]], [[2.8917059800593123, 2.372524420670043, -0.15495382301075275, -0.04060510301082295, 2.553273357081278], [3.138744109277407, -0.32606117199582185, 2.391243110224974, -2.6854505651251297, 2.713697069589242], [0.5739225007689426, 1.8340369239140928, -2.3779811710001706, -1.5047386480600609, 2.565851835774169], [-0.6411273931419099, 3.2655714942450964, -2.3985561716983166, 3.020104059354803, -2.747855648055871], [2.3100680331108916, -1.0019190447689783, 3.413376227893258, -2.5351390830343217, 2.3624480270758177]]], "results": {"acc": 0.30039986968040466, "top5": 0.8440797328948975, "attack_success_rate": 0.30039986968040466}}