{"patch": [[[0.48833755019615926, 2.1403895603600502, 1.8834219786006692, -0.8070523374362124, 0.25848045995029884], [-0.08852214196030654, 0.2257208454551351, 0.9241171074277577, 2.1092570027250876, 2.614228366071035], [2.545819618276347, 1.8148975184992793, 1.246483417604338, 0.5825956682910635, 2.90118842552827], [-0.8699206236604151, 0.012622206232881109, 1.623210997480187, 2.561114097871478, 1.9799440084363482], [2.7258982621699293, 0.8178240365788685, 2.066601132344004, 0.3361702358150311, -1.3573110456300281]], [[0.4655116967522424, 1.1232829948940006, -0.621918105095832, 2.0723960941785844, -0.546596265091119], [-0.3265097232479205, -0.06308063066273495, 0.00761420068636043, 0.21977511472544012, -1.7036702686984029], [-0.6253111554335203, 1.1258314668953109, -0.41083761523295487, 0.47530061063533735, -1.7798789274207243], [-2.7034241033421478, 0.23625692919345812, 0.5737559835008459, 2.611507290528935, 0.5506848142464335], [-0.8069797897679606, 2.32298271231959, -2.3540607795009274, 2.0085251460979863, -0.3914516325405574]], [[-1.9524897799614713, 2.8541625102640853, -1.1191812740130527, 1.396581666346118, -1.7132830614132484], [-0.15953030952590264, 2.288151028494183, -0.18479296210421947, 1.1014497075054657, -0.1480170746103127], [1.692726121610208, 1.7455814224663206, -0.03136286033050536, -0.48561759194701715, -2.2536922373358608], [-0.35689751416293003, 1.5302361101966373, -0.8767975506693276, 2.0620872904176113, 1.0201019375929035], [2.776942595530431, 2.4906060724797037, 1.746033545300218, -2.1099710632426496, 2.1230144338753045]]], "results": {"acc": 0.1302632987499237, "top5": 0.6578158140182495, "attack_success_rate": 0.1302632987499237}}