{"patch": [[[3.4230315638552637, 3.0497366698089303, 2.9101128954557893, 0.7632088839274095, 0.8588593282833693], [2.2912737589090932, 1.3782626137003962, 3.356029034640571, 0.7606741798413242, -2.1111153723018754], [-3.6082979887374416, -0.16558027401032072, 1.6133996351864415, 0.42416480991542704, 2.3327834550607527], [0.6636682901593807, -0.7387354760440329, 2.7338704611503024, -0.1573817545797272, 2.218405935087485], [3.3988949303417737, -0.6986445903616747, -3.700888868039569, 3.1310681443184163, 3.342704426192453]], [[2.902835610941029, 1.1377582104527084, 1.0370927744850116, -0.7102816956924645, -0.6109669465506894], [-0.7427654205239597, 0.02647685097726886, 2.81299785122971, 0.27127882154251953, -2.5449561505205525], [-3.505057468624081, 1.3134125381546793, 0.4852434580635443, 0.27303382656973585, -1.2012065020109397], [-0.32942624885533534, 0.15149495250449585, -0.646562905152027, 1.5062238339254603, 0.0915770787386515], [0.5784442415286766, -2.982904710424343, -3.718447487771819, 0.10860115350508698, 1.1943789952969244]], [[3.255913814474777, 3.028328610767975, -2.136285638088505, -2.4099558167177006, -2.3987713031406988], [3.4764393515078233, 1.157113051960467, 2.2272720358343743, 0.9408667493115409, -2.7834313863981555], [0.38088487269684307, -2.7583764392540164, 0.5694628412088799, 1.2504508363188334, -0.016494189074309114], [-1.1955885714083212, 2.6578663939438822, 3.30641096465093, -1.8295462714549315, -2.5740108219694466], [0.11149594202428915, 3.138551811483592, -1.4801164531508724, 2.067873131351182, -0.1089871053087818]]], "results": {"acc": 0.36368703842163086, "top5": 0.8724364638328552, "attack_success_rate": 0.36368703842163086}}