{"patch": [[[-1.3330756123710463, 1.8755049690886307, -2.544237305497744, 2.7406207650125567, 2.5031607493659473], [2.776998712692384, -2.4938498849603117, -2.39345503846393, -2.5358303536727345, 2.9512132646596756], [-2.1971798594419774, 0.7506224025444883, 1.5179631332701504, -2.400381436128362, -0.8142205060752122], [2.2591505861826504, 3.080775341261708, -1.5403947974355003, -2.067088665686648, -0.09530993711787626], [2.860572273326126, 1.8869859480876654, 2.5201187020790052, -2.371713538241935, -1.4918023655524673]], [[-2.619480095521314, 2.449281291876465, 0.1306701024114013, 0.30987494980387775, -0.11292336412787976], [2.535376434618076, -1.6525696218893395, 1.82493319815005, -2.8806862338816597, 2.142992776491156], [-2.1659183203716377, -2.1945641265428915, 0.7814245532837105, 0.45212653070784753, -2.424926937380161], [-0.3163217263715425, -0.14546613047118945, -2.7080209852688917, 1.8805383775556783, -1.1293032043948528], [-1.105374996023076, -3.0234276546886876, -1.8824994161192137, -1.9450383891010095, 2.150480836500481]], [[1.260876864715843, 2.974613013007138, 2.722601404116535, 2.5504532614955653, -1.5738565778708211], [2.7841532215743854, 2.778703758775229, 2.8357684623024104, 0.203890796799431, -0.4212904540751443], [2.264612545469355, 1.4041706322592264, 2.805567660128048, 2.854121459497165, -1.7203398400584493], [-1.4087302233091337, 1.8680988753788095, 0.9747091468247996, 2.8044505000934374, 2.2284031436425344], [1.1666431697447373, -2.558437511843543, 2.468144506164054, 2.604872777908582, 2.5249710858997854]]], "results": 0.5445749759674072}