{"patch": [[[2.231491312420076, 2.5693228946920623, 2.332462243647734], [-0.5323785297069688, -2.1435636901633583, 2.790853084681345], [-2.352319103600836, 1.3809231356032172, -1.9996678126495502]], [[1.0449716131628122, -1.6692087843738501, -2.2821475833416924], [-0.404212512105951, -2.5290089424916204, 1.0622198299748973], [-2.3711409159304493, 1.8726613194420214, -2.655452352633016]], [[2.0707593607876587, 2.0043197442022387, -2.1851523871436744], [2.135681491062206, -1.4474225560077685, 1.4276653346314672], [0.9517645938104224, 2.5024043342016373, -1.5304406400258062]]], "results": 0.2982749938964844}